{"errors":[],"warnings":[],"namedChunkGroups":{"app":{"chunks":[12,2],"assets":["webpack-runtime-67bc44e99f39808c7148.js","webpack-runtime-67bc44e99f39808c7148.js.map","app-91724cdc941ddf663a20.js","app-91724cdc941ddf663a20.js.map"],"children":{},"childAssets":{}},"component---src-pages-404-js":{"chunks":[0,1,3],"assets":["0-9f6b6230235d4b53d29d.js","0-9f6b6230235d4b53d29d.js.map","1.97962da8501d32912a73.css","1-5cc717568957852c60b7.js","1-5cc717568957852c60b7.js.map","component---src-pages-404-js-1094d1647f38a128a192.js","component---src-pages-404-js-1094d1647f38a128a192.js.map"],"children":{},"childAssets":{}},"component---src-pages-index-js":{"chunks":[0,1,4],"assets":["0-9f6b6230235d4b53d29d.js","0-9f6b6230235d4b53d29d.js.map","1.97962da8501d32912a73.css","1-5cc717568957852c60b7.js","1-5cc717568957852c60b7.js.map","component---src-pages-index-js-4beef7cba3344b673357.js","component---src-pages-index-js-4beef7cba3344b673357.js.map"],"children":{},"childAssets":{}},"component---src-pages-study-hyperreal-js":{"chunks":[0,1,5],"assets":["0-9f6b6230235d4b53d29d.js","0-9f6b6230235d4b53d29d.js.map","1.97962da8501d32912a73.css","1-5cc717568957852c60b7.js","1-5cc717568957852c60b7.js.map","component---src-pages-study-hyperreal-js-8605b43186c205ae16a3.js","component---src-pages-study-hyperreal-js-8605b43186c205ae16a3.js.map"],"children":{},"childAssets":{}},"component---src-pages-study-nomadism-js":{"chunks":[0,1,6],"assets":["0-9f6b6230235d4b53d29d.js","0-9f6b6230235d4b53d29d.js.map","1.97962da8501d32912a73.css","1-5cc717568957852c60b7.js","1-5cc717568957852c60b7.js.map","component---src-pages-study-nomadism-js-b0a541c421d037f28e6e.js","component---src-pages-study-nomadism-js-b0a541c421d037f28e6e.js.map"],"children":{},"childAssets":{}},"component---src-pages-study-queerfam-js":{"chunks":[0,1,7],"assets":["0-9f6b6230235d4b53d29d.js","0-9f6b6230235d4b53d29d.js.map","1.97962da8501d32912a73.css","1-5cc717568957852c60b7.js","1-5cc717568957852c60b7.js.map","component---src-pages-study-queerfam-js-1bf48d72b350331b0f8f.js","component---src-pages-study-queerfam-js-1bf48d72b350331b0f8f.js.map"],"children":{},"childAssets":{}},"component---src-pages-tools-mastodon-js":{"chunks":[0,1,8],"assets":["0-9f6b6230235d4b53d29d.js","0-9f6b6230235d4b53d29d.js.map","1.97962da8501d32912a73.css","1-5cc717568957852c60b7.js","1-5cc717568957852c60b7.js.map","component---src-pages-tools-mastodon-js-099a955c43c0eda18d82.js","component---src-pages-tools-mastodon-js-099a955c43c0eda18d82.js.map"],"children":{},"childAssets":{}},"component---src-pages-tools-mesh-js":{"chunks":[0,1,9],"assets":["0-9f6b6230235d4b53d29d.js","0-9f6b6230235d4b53d29d.js.map","1.97962da8501d32912a73.css","1-5cc717568957852c60b7.js","1-5cc717568957852c60b7.js.map","component---src-pages-tools-mesh-js-5e2aa038f9a79379a916.js","component---src-pages-tools-mesh-js-5e2aa038f9a79379a916.js.map"],"children":{},"childAssets":{}},"component---src-pages-tools-scuttlebutt-js":{"chunks":[0,1,10],"assets":["0-9f6b6230235d4b53d29d.js","0-9f6b6230235d4b53d29d.js.map","1.97962da8501d32912a73.css","1-5cc717568957852c60b7.js","1-5cc717568957852c60b7.js.map","component---src-pages-tools-scuttlebutt-js-8fe339820651786f721a.js","component---src-pages-tools-scuttlebutt-js-8fe339820651786f721a.js.map"],"children":{},"childAssets":{}},"component---src-pages-tools-signal-js":{"chunks":[0,1,11],"assets":["0-9f6b6230235d4b53d29d.js","0-9f6b6230235d4b53d29d.js.map","1.97962da8501d32912a73.css","1-5cc717568957852c60b7.js","1-5cc717568957852c60b7.js.map","component---src-pages-tools-signal-js-9aaa9f86b85f94784100.js","component---src-pages-tools-signal-js-9aaa9f86b85f94784100.js.map"],"children":{},"childAssets":{}}},"assetsByChunkName":{"app":["webpack-runtime-67bc44e99f39808c7148.js","app-91724cdc941ddf663a20.js"],"component---src-pages-404-js":["0-9f6b6230235d4b53d29d.js","1.97962da8501d32912a73.css","1-5cc717568957852c60b7.js","component---src-pages-404-js-1094d1647f38a128a192.js"],"component---src-pages-index-js":["0-9f6b6230235d4b53d29d.js","1.97962da8501d32912a73.css","1-5cc717568957852c60b7.js","component---src-pages-index-js-4beef7cba3344b673357.js"],"component---src-pages-study-hyperreal-js":["0-9f6b6230235d4b53d29d.js","1.97962da8501d32912a73.css","1-5cc717568957852c60b7.js","component---src-pages-study-hyperreal-js-8605b43186c205ae16a3.js"],"component---src-pages-study-nomadism-js":["0-9f6b6230235d4b53d29d.js","1.97962da8501d32912a73.css","1-5cc717568957852c60b7.js","component---src-pages-study-nomadism-js-b0a541c421d037f28e6e.js"],"component---src-pages-study-queerfam-js":["0-9f6b6230235d4b53d29d.js","1.97962da8501d32912a73.css","1-5cc717568957852c60b7.js","component---src-pages-study-queerfam-js-1bf48d72b350331b0f8f.js"],"component---src-pages-tools-mastodon-js":["0-9f6b6230235d4b53d29d.js","1.97962da8501d32912a73.css","1-5cc717568957852c60b7.js","component---src-pages-tools-mastodon-js-099a955c43c0eda18d82.js"],"component---src-pages-tools-mesh-js":["0-9f6b6230235d4b53d29d.js","1.97962da8501d32912a73.css","1-5cc717568957852c60b7.js","component---src-pages-tools-mesh-js-5e2aa038f9a79379a916.js"],"component---src-pages-tools-scuttlebutt-js":["0-9f6b6230235d4b53d29d.js","1.97962da8501d32912a73.css","1-5cc717568957852c60b7.js","component---src-pages-tools-scuttlebutt-js-8fe339820651786f721a.js"],"component---src-pages-tools-signal-js":["0-9f6b6230235d4b53d29d.js","1.97962da8501d32912a73.css","1-5cc717568957852c60b7.js","component---src-pages-tools-signal-js-9aaa9f86b85f94784100.js"]}}