{"errors":[],"warnings":[],"namedChunkGroups":{"app":{"chunks":[12,2],"assets":["webpack-runtime-fbced968f3432d946d0a.js","webpack-runtime-fbced968f3432d946d0a.js.map","app-dc3261e4e1c822fc27b3.js","app-dc3261e4e1c822fc27b3.js.map"],"children":{},"childAssets":{}},"component---src-pages-404-js":{"chunks":[0,1,3],"assets":["0-af7c17925a02b2685067.js","0-af7c17925a02b2685067.js.map","1.97962da8501d32912a73.css","1-e46349ed6849d074324a.js","1-e46349ed6849d074324a.js.map","component---src-pages-404-js-9d2a088d5a5e2c534c19.js","component---src-pages-404-js-9d2a088d5a5e2c534c19.js.map"],"children":{},"childAssets":{}},"component---src-pages-index-js":{"chunks":[0,1,4],"assets":["0-af7c17925a02b2685067.js","0-af7c17925a02b2685067.js.map","1.97962da8501d32912a73.css","1-e46349ed6849d074324a.js","1-e46349ed6849d074324a.js.map","component---src-pages-index-js-7c0805f71c00141d07d1.js","component---src-pages-index-js-7c0805f71c00141d07d1.js.map"],"children":{},"childAssets":{}},"component---src-pages-study-hyperreal-js":{"chunks":[0,1,5],"assets":["0-af7c17925a02b2685067.js","0-af7c17925a02b2685067.js.map","1.97962da8501d32912a73.css","1-e46349ed6849d074324a.js","1-e46349ed6849d074324a.js.map","component---src-pages-study-hyperreal-js-f4a5466cc04673b44017.js","component---src-pages-study-hyperreal-js-f4a5466cc04673b44017.js.map"],"children":{},"childAssets":{}},"component---src-pages-study-nomadism-js":{"chunks":[0,1,6],"assets":["0-af7c17925a02b2685067.js","0-af7c17925a02b2685067.js.map","1.97962da8501d32912a73.css","1-e46349ed6849d074324a.js","1-e46349ed6849d074324a.js.map","component---src-pages-study-nomadism-js-8fefa531fa02d06f6322.js","component---src-pages-study-nomadism-js-8fefa531fa02d06f6322.js.map"],"children":{},"childAssets":{}},"component---src-pages-study-queerfam-js":{"chunks":[0,1,7],"assets":["0-af7c17925a02b2685067.js","0-af7c17925a02b2685067.js.map","1.97962da8501d32912a73.css","1-e46349ed6849d074324a.js","1-e46349ed6849d074324a.js.map","component---src-pages-study-queerfam-js-ca4263610415253b6e19.js","component---src-pages-study-queerfam-js-ca4263610415253b6e19.js.map"],"children":{},"childAssets":{}},"component---src-pages-tools-mastodon-js":{"chunks":[0,1,8],"assets":["0-af7c17925a02b2685067.js","0-af7c17925a02b2685067.js.map","1.97962da8501d32912a73.css","1-e46349ed6849d074324a.js","1-e46349ed6849d074324a.js.map","component---src-pages-tools-mastodon-js-b454b9bff04534b4f12f.js","component---src-pages-tools-mastodon-js-b454b9bff04534b4f12f.js.map"],"children":{},"childAssets":{}},"component---src-pages-tools-mesh-js":{"chunks":[0,1,9],"assets":["0-af7c17925a02b2685067.js","0-af7c17925a02b2685067.js.map","1.97962da8501d32912a73.css","1-e46349ed6849d074324a.js","1-e46349ed6849d074324a.js.map","component---src-pages-tools-mesh-js-b0486f6d92088835926f.js","component---src-pages-tools-mesh-js-b0486f6d92088835926f.js.map"],"children":{},"childAssets":{}},"component---src-pages-tools-scuttlebutt-js":{"chunks":[0,1,10],"assets":["0-af7c17925a02b2685067.js","0-af7c17925a02b2685067.js.map","1.97962da8501d32912a73.css","1-e46349ed6849d074324a.js","1-e46349ed6849d074324a.js.map","component---src-pages-tools-scuttlebutt-js-868c8237fbb76b60555e.js","component---src-pages-tools-scuttlebutt-js-868c8237fbb76b60555e.js.map"],"children":{},"childAssets":{}},"component---src-pages-tools-signal-js":{"chunks":[0,1,11],"assets":["0-af7c17925a02b2685067.js","0-af7c17925a02b2685067.js.map","1.97962da8501d32912a73.css","1-e46349ed6849d074324a.js","1-e46349ed6849d074324a.js.map","component---src-pages-tools-signal-js-c4ae5530d91fe5fd5352.js","component---src-pages-tools-signal-js-c4ae5530d91fe5fd5352.js.map"],"children":{},"childAssets":{}}},"assetsByChunkName":{"app":["webpack-runtime-fbced968f3432d946d0a.js","app-dc3261e4e1c822fc27b3.js"],"component---src-pages-404-js":["0-af7c17925a02b2685067.js","1.97962da8501d32912a73.css","1-e46349ed6849d074324a.js","component---src-pages-404-js-9d2a088d5a5e2c534c19.js"],"component---src-pages-index-js":["0-af7c17925a02b2685067.js","1.97962da8501d32912a73.css","1-e46349ed6849d074324a.js","component---src-pages-index-js-7c0805f71c00141d07d1.js"],"component---src-pages-study-hyperreal-js":["0-af7c17925a02b2685067.js","1.97962da8501d32912a73.css","1-e46349ed6849d074324a.js","component---src-pages-study-hyperreal-js-f4a5466cc04673b44017.js"],"component---src-pages-study-nomadism-js":["0-af7c17925a02b2685067.js","1.97962da8501d32912a73.css","1-e46349ed6849d074324a.js","component---src-pages-study-nomadism-js-8fefa531fa02d06f6322.js"],"component---src-pages-study-queerfam-js":["0-af7c17925a02b2685067.js","1.97962da8501d32912a73.css","1-e46349ed6849d074324a.js","component---src-pages-study-queerfam-js-ca4263610415253b6e19.js"],"component---src-pages-tools-mastodon-js":["0-af7c17925a02b2685067.js","1.97962da8501d32912a73.css","1-e46349ed6849d074324a.js","component---src-pages-tools-mastodon-js-b454b9bff04534b4f12f.js"],"component---src-pages-tools-mesh-js":["0-af7c17925a02b2685067.js","1.97962da8501d32912a73.css","1-e46349ed6849d074324a.js","component---src-pages-tools-mesh-js-b0486f6d92088835926f.js"],"component---src-pages-tools-scuttlebutt-js":["0-af7c17925a02b2685067.js","1.97962da8501d32912a73.css","1-e46349ed6849d074324a.js","component---src-pages-tools-scuttlebutt-js-868c8237fbb76b60555e.js"],"component---src-pages-tools-signal-js":["0-af7c17925a02b2685067.js","1.97962da8501d32912a73.css","1-e46349ed6849d074324a.js","component---src-pages-tools-signal-js-c4ae5530d91fe5fd5352.js"]}}